,기입날짜,별점,옵션,후기,sentiment,
0,23.04.14.,5,모델: NEW 에어팟3세대 / 옵션: 20-마샬,아들이 너무 좋아해요,1,
1,23.04.14.,5,모델: NEW 에어팟3세대 / 옵션: 64-투명젤리+키링,그냥 무난하니 괜찮은것 같아요,1,
2,23.04.14.,5,모델: NEW 에어팟3세대 / 옵션: 20-마샬,마감이 살짝 아쉽긴한데 이쁘긴하네요!!,0,
3,23.04.13.,5,모델: 에어팟 프로/프로2 / 옵션: 프로16-카메라민트,"퇴근시간 전 주문하고 다음날 배송받았어요!! 대박
선물용으로 구매했는데 작고 귀여워요. 얼른 프로2에 씌워보고싶은 ㅎㅎ. 1개사도 무배인데 뇌물로 주신 깨알 키티 🙏🏻감사히쓰겠습니다.",1,
4,23.04.12.,5,모델: NEW 에어팟3세대 / 옵션: 19-닌텐도,좋아요 만족합니다!!,1,
5,23.04.12.,5,모델: NEW 에어팟3세대 / 옵션: 17-테디도그 화이트,"너무 귀여워용 뇌물까지 주셔서 정말감사합니당 
실리콘 보라색이 없어서 슬펐는데 불투명도 예쁘네요 충전할때 불빛도 보이고 좋아용",1,
6,23.04.12.,5,모델: 에어팟 프로/프로2 / 옵션: 프로01-마샬,너무 예뻐요 완전 추천,1,
7,23.04.11.,5,모델: 프로/프로2 / 옵션: 프로12-투명젤리케이스 + 키링,그냥 기본쓰는것이 최고인듯 합니다....ㅎㅎ;;,1,#
8,23.04.11.,5,모델: 에어팟 프로/프로2 / 옵션: 프로01-마샬,"이거 진짜 에바네요. 너무 귀여운 거 아닌가요
무겁다고 해서 걱정했는데 전혀 걱정할 정도 아닌듯여
여기가 젤 저렴하고 배송도 빨라요 굿",1,
9,23.04.11.,5,모델: NEW 에어팟3세대 / 옵션: 05-상어,참을수없는구ㅏ여움 ㅠㅠㅠ,1,
10,23.04.11.,5,모델: NEW 에어팟3세대 / 옵션: 58-카키,판매자분 친절하시고 물건 넘 귀여워옹😆😆,1,
11,23.04.11.,5,모델: NEW 에어팟3세대 / 옵션: 19-닌텐도,만족하고 아주 잘 사용해요,1,
12,23.04.11.,5,모델: 에어팟 프로/프로2 / 옵션: 프로01-마샬,"케이스가 깔끔하고 예뻐요!!
사은품도 마리오 너무 예쁘고 너무 좋네요!!",1,
13,23.04.11.,5,모델: 에어팟 프로/프로2 / 옵션: 프로02-쿼카 브라운,"디자인이 사진과 똑같이 너무 예쁘고 귀여워요!!!
케이스를 많이 사봤는데 여기가 제일 예쁜 거 같아요
마음에 정말 쏙 듭니다!!!
약간 유격이 있지만 마감이 나쁘지는 않습니다!",1,
14,23.04.10.,5,모델: 에어팟 프로/프로2 / 옵션: 프로22-닌텐도,너무너무 좋습니다.,1,
15,23.04.10.,5,모델: 에어팟 프로/프로2 / 옵션: 프로16-카메라민트,디자인도 이쁘고 괜찮네요 ㅎㅎ,1,
16,23.04.09.,5,모델: 에어팟 프로/프로2 / 옵션: 프로04-상어,좋습니다 근데 먼지도 잘 붙을듯해요,0,
17,23.04.09.,5,모델: 에어팟 프로/프로2 / 옵션: 프로18-하얀 냥이,캐릭터 에어팟 케이스로 좋아요,1,
18,23.04.09.,5,모델: 에어팟 프로/프로2 / 옵션: 프로23-인스타,착용 해봤는데 완전 이쁩니다!!,1,
19,23.04.08.,5,모델: 에어팟 프로/프로2 / 옵션: 프로21-감귤꼬꼬 캐릭터,귀엽고 퀄리티 좋네요 ㅎㅎ,1,
20,23.04.08.,5,모델: 에어팟 프로/프로2 / 옵션: 프로03-쿼카 화이트,배송 빠르게 왔습니다.,1,
21,23.04.08.,5,모델: 에어팟 프로/프로2 / 옵션: 프로01-마샬,배송 빠르게 왔습니다.,1,
22,23.04.07.,5,모델: 에어팟 프로/프로2 / 옵션: 프로10-투슬리스블랙,튜슬리스너무 좋아하는.애미에 캐릭터인데 요범에 에어팟을 새로구매하면서 케이스부터 구매해버린 ㅎㅎ 너무이뻐요 ㅎㅎ 그리고 요 작은 선물???요것도ㅠ감사해요 ㅎㅎ 근대 요작은선물은 어디엨사용하는건지???ㅎㅎ,1,
23,23.04.07.,5,모델: NEW 에어팟3세대 / 옵션: 64-투명젤리+키링,빠른배송감사드려요~ 깔끔합니다,1,
24,23.04.07.,5,모델: NEW 에어팟3세대 / 옵션: 64-투명젤리+키링,좋습니다 저렴하게 구매했구요 무료배송에 선물까지.퀄리티도 좋네요 귀여워요,1,
25,23.04.07.,5,모델: NEW 에어팟3세대 / 옵션: 26-아이언맨,저렴하고 좋습니다 2+1 이라 2개 구매했고 선물로 온것도 맘에 들어요^^!,1,
26,23.04.07.,5,모델: 에어팟 프로/프로2 / 옵션: 프로23-인스타,"빠르게 배송 해주셨는데 택배사에서 시간을 좀 잡아먹어서 늦게 도착했네요 ㅎ 귀여운 스티커 때문에도 기분이 좋아지네요 ㅎ 
제품 자체는 딱 가격정도에요 ㅎ",0,
27,23.04.06.,5,모델: 에어팟 프로/프로2 / 옵션: 프로11-무지개,"배송도빠르고 한개만샀는데도 
단선 방지하는것 사은품  주셧어요 ~ 

오렌지가 전에 쓰던것인데 
무지개 케이스가 너무 크긴커요 
좀더 작앗더라면 ,,,,,ㅠ ㅠ",0,
28,23.04.06.,5,모델: 에어팟 프로/프로2 / 옵션: 프로02-쿼카 브라운,"쿼카 짱귀여워용!!
그리고 서비스로 귀여운 케이스와 기타 아이템들 받을 수 있어 좋습니다!!!",1,
29,23.04.06.,5,모델: 에어팟 프로/프로2 / 옵션: 프로01-마샬,양 끝에 뚜껑부분이 뜨는게 킹받지만 그래도 싸게 샀으니까용!!! 디자인도 예뻐요,0,
30,23.04.06.,5,모델: NEW 에어팟3세대 / 옵션: 64-투명젤리+키링,싸고 좋아요 퀄리티 굿,1,
31,23.04.06.,5,모델: 에어팟 프로/프로2 / 옵션: 프로22-인스타,너무 예뻐요 너무 잘 쓰고 있어요,1,
32,23.04.05.,5,모델: 에어팟 프로/프로2 / 옵션: 프로17-카메라블루,배송이 빠르고 사진과 똑같아요,1,
33,23.04.05.,5,모델: 에어팟 프로/프로2 / 옵션: 프로02-쿼카 브라운,배송이 빠르고 사진과 똑같아요!,1,
34,23.04.05.,5,모델: 프로/프로2 / 옵션: 프로02-닌텐도,튼튼하고 좋네요! 충전 램프가 안보이는게 좀 아쉽긴하지만 클립도 함께 주시고 만족합니다.,0,
35,23.04.05.,5,모델: 에어팟 프로/프로2 / 옵션: 프로01-마샬,이쁘고 사은품도 있어서 기뻐요,1,
36,23.04.04.,5,모델: 에어팟 프로/프로2 / 옵션: 프로22-닌텐도,좋아요 뫃아요 뫃아요 뫃아요ㅔ,1,
37,23.04.04.,5,모델: 에어팟 프로/프로2 / 옵션: 프로01-마샬,기대이상으로 이뻐요🫣,1,
38,23.04.02.,5,모델: 에어팟 프로/프로2 / 옵션: 프로30-네모푸,"네모 곰돌이 푸 케이스 골랐는데 너무 귀여워영~
사기 너무 잘한듯!! 
케이스 더러워지면 또 사러 올게영~
케이스에 달린 고리두 넘 예쁘영~",1,
39,23.04.02.,5,모델: 에어팟 프로/프로2 / 옵션: 프로12-카드캡터,"카드캡쳐체리 좋아해서 바로 구매했어영
너무 귀엽규 예쁘구 좋음!
함께 보내주신 것들도 잘 쓸게여..
근데 저 에어팟 프로2 캐이스 샀는데 
랜덤으로 주신 케이스는 프로케이스가 아니라서..
받아두 쓸수가 없네영..속상..",0,
40,23.04.02.,5,모델: 프로/프로2 / 옵션: 프로02-닌텐도,디자인도 맘에들고 제품이 튼튼해서 잘쓰고 있어요,1,
41,23.04.01.,5,모델: 에어팟 프로/프로2 / 옵션: 프로01-마샬,"졸귀탱입니다
두번사세요",1,
42,23.04.01.,5,모델: 에어팟 프로/프로2 / 옵션: 프로17-카메라블루,"배송도 빠르고 만족합니다
하나 구매했는데 사은품으로 단선방지캡도 넣어주셨네요~",1,
43,23.03.30.,5,모델: 에어팟 프로/프로2 / 옵션: 프로01-마샬,"디자인 너무 귀엽네요~~~
싸게 잘샀어요",1,
44,23.03.28.,5,모델: 에어팟 프로/프로2 / 옵션: 프로01-마샬,맘에들어요. 사은품도 마음에 들어요,1,
45,23.03.28.,5,모델: 에어팟 프로/프로2 / 옵션: 프로21-감귤꼬꼬 캐릭터,이뻐요. 사은품도 마음에 들어요,1,
46,23.03.27.,5,모델: 에어팟 프로/프로2 / 옵션: 프로03-쿼카 화이트,넘넘 귀야워영💓💓💓,1,
47,23.03.27.,5,모델: 에어팟 프로/프로2 / 옵션: 프로22-닌텐도,서비스좋고 이제 케이스는 여기서 구매하겠습니다,1,
48,23.03.27.,5,모델: 에어팟 프로/프로2 / 옵션: 프로01-마샬,받자마자 너무 디테일하고 귀여워서 놀랬어요! 판매자의 친절한 쪽지와 서비스까지 너무 감사합니다 잘 쓰고 또 구매하려구요~,1,
49,23.03.25.,5,모델: 에어팟 프로/프로2 / 옵션: 프로21-감귤꼬꼬 캐릭터,"두개 샀더니 하나 더 주시고 좋네요~
많이 파세요",1,
50,23.03.22.,5,모델: 에어팟 1/2세대 / 옵션: 20-사이다＋키링,여전히 잘 쓰고 있어요,1,
51,23.03.22.,5,모델: 에어팟 1/2세대 / 옵션: 19-블루콜라＋키링,여전히 잘 쓰고 있어요,1,
52,23.03.18.,5,모델: 에어팟 프로/프로2 / 옵션: 프로06-상어,이뻐요. 잘쓸게요!!,1,
53,23.03.18.,5,모델: 에어팟 프로/프로2 / 옵션: 프로14-닌텐도,이뻐요. 잘쓸게요!!,1,
54,23.03.18.,5,모델: NEW 에어팟3세대 / 옵션: 64-투명젤리+키링,투명하고 좋은데 힌지쪽에 먼지가 장난 아니네요,0,
55,23.03.17.,5,모델: 프로/프로2 / 옵션: 프로12-투명젤리케이스 + 키링,좋아여 잘쓰고있어요,1,
56,23.03.16.,5,모델: NEW 에어팟3세대 / 옵션: 08-상어,"빠른배송과 사진과 동일한 상품!!
정말 귀여워요!",1,
57,23.03.14.,5,모델: NEW 에어팟3세대 / 옵션: 64-투명젤리+키링,얼룩이 있는데 그냥 씁니다,1,
58,23.03.12.,5,모델: 에어팟 프로/프로2 / 옵션: 프로22-인스타,이뻐요 ㅎㅎ 잘쓸게요!!,1,
59,23.03.10.,5,모델: 에어팟 프로/프로2 / 옵션: 프로23-조이패드 화이트,디자인 너무 귀엽고 좋네요,1,
60,23.03.10.,5,모델: 프로/프로2 / 옵션: 프로02-닌텐도,너무 만족스럽게 사용중이에요ㅎ,1,
61,23.03.07.,5,모델: 에어팟 프로/프로2 / 옵션: 프로22-인스타,너무 예뻐요 너무 부드러워요 많이 팔세요,1,
62,23.03.06.,5,모델: 에어팟 프로/프로2 / 옵션: 프로16-카메라블루,다들 케이스 귀엽다고해요,1,
63,23.03.05.,5,모델: 프로/프로2 / 옵션: 프로22-카메라블루,이쁘네요 잘 쓰고 있습니다,1,
64,23.03.05.,5,모델: 프로/프로2 / 옵션: 프로01-마샬,잘 쓰고 있습니다 괜찮은거같아요,1,
65,23.03.05.,5,모델: 프로/프로2 / 옵션: 프로09-카메라민트,좋아요 좋아요  좋아요,1,
66,23.03.05.,5,모델: 프로/프로2 / 옵션: 프로05-감귤꼬꼬 캐릭터,예쁘고 좋아요 민트 민트,1,
67,23.03.04.,5,모델: 프로/프로2 / 옵션: 프로01-마샬,잘 사용하겠습니다 감사합니다,1,
68,23.03.03.,5,모델: 프로/프로2 / 옵션: 프로09-카메라민트,넘 만족 스러워요 가성비느도 너무 좋고 배송 상태도 좋아요 재 주문의사 100% 또주문 할게요,1,
69,23.03.03.,5,모델: 프로/프로2 / 옵션: 프로10-카메라블루,넘 만족 스러워요 가성비느도 너무 좋고 배송 상태도 좋아요 재 주문의사 100% 또주문 할게요,1,
70,23.03.01.,5,모델: 프로/프로2 / 옵션: 프로01-마샬,이뻐요 이뻐 배송빠르고 굿,1,
71,23.02.28.,5,모델: 프로/프로2 / 옵션: 프로07-조이패드 블랙,잘쓰고 있어요 귀엽고 좋아요 추천드립니당!,1,
72,23.02.27.,5,모델: 프로/프로2 / 옵션: 프로01-마샬,좋습니다 애용이요.,1,
73,23.02.24.,5,모델: 프로/프로2 / 옵션: 프로12-투명젤리케이스 + 키링,깔끔합니다. 추천합니다.,1,
74,23.02.24.,5,모델: 프로/프로2 / 옵션: 프로05-감귤꼬꼬 캐릭터,예쁘고 좋아요~~~,1,
75,23.02.22.,5,모델: 프로/프로2 / 옵션: 프로01-마샬,상품 너무 좋아요!!,1,
76,23.02.22.,5,모델: 프로/프로2 / 옵션: 프로21-카메라민트,상품 너무 좋아요!!,1,
77,23.02.22.,5,모델: 프로/프로2 / 옵션: 프로05-감귤꼬꼬 캐릭터,고급스럽습니다. 좋아용 ㅎㅎ 친절해요,1,
78,23.02.21.,5,모델: NEW 에어팟3세대 / 옵션: 19-몬스터볼,"존예스럽습니다,,,구매 아주 만족해요",1,
79,23.02.19.,5,모델: 프로/프로2 / 옵션: 프로04-인스타,이뿌네요 잘쓸게요 케이스,1,
80,23.02.18.,5,모델: 프로/프로2 / 옵션: 프로06-아따공룡,잘 갖고다니고 있어요 귀여워요,1,
81,23.02.16.,5,모델: 에어팟 프로/프로2 / 옵션: 프로02-아따공룡,"선물 바로 줘버려서 사진은 못찍었네요 ㅠ-ㅠ 
저렴해서 퀄리티 떨어질까 걱정했는데 사진과 똑같고 3개 사니 사은품도 있고 너무 좋아요 ♥",1,
82,23.02.15.,5,모델: 프로/프로2 / 옵션: 프로01-마샬,아이들이 잘 쓰고있어요,1,
83,23.02.12.,5,모델: 프로/프로2 / 옵션: 프로10-카메라블루,ㅅㅅㅅ 굿굿 대박용,1,
84,23.02.11.,5,모델: 프로/프로2 / 옵션: 프로02-닌텐도,이쁘게 잘욋오요 최공,1,
85,23.02.10.,5,모델: 프로/프로2 / 옵션: 프로10-카메라블루,아주 좋아요!!!또 구매하려고 해요!,1,
86,23.02.10.,5,모델: 에어팟 1/2세대 / 옵션: 03-조이패드 블랙,배송 빠르고 좋아요,1,
87,23.02.10.,5,모델: 프로/프로2 / 옵션: 프로01-마샬,상품이 만족스러워요,1,
88,23.02.09.,5,모델: 프로/프로2 / 옵션: 프로07-조이패드 블랙,배송진짜빠르고 색깔이 때도안타서 구질구질한 쓰던건바로 휴지통직행!,1,
89,23.02.07.,5,모델: 프로/프로2 / 옵션: 프로17-상어,가격도 싸고 상품도 짱짱합니다,1,
90,23.02.07.,5,모델: 프로/프로2 / 옵션: 프로01-마샬,정말 마음에 들어요!,1,
91,23.02.06.,5,모델: 프로/프로2 / 옵션: 프로01-마샬,제품 좋고 배송 빨라요,1,
92,23.02.06.,5,모델: 프로/프로2 / 옵션: 프로07-조이패드 블랙,제품 좋고 배송 빨라요,1,
93,23.02.05.,5,모델: 프로/프로2 / 옵션: 프로11-감귤꼬꼬 캐릭터,가격대비 우수합니다 잘 사용하고 있습니다,1,
94,23.02.04.,5,모델: 프로/프로2 / 옵션: 프로01-마샬,옆이 살짝 뜨긴하는데 너무 귀여워요 ㅎㅎ,0,
95,23.02.04.,5,모델: 에어팟 1/2세대 / 옵션: 02-마샬,"배송 빠르고 좋아요!!
저렴한 가격에 잘 샀어요",1,
96,23.02.02.,5,모델: 프로/프로2 / 옵션: 프로01-마샬,배송이 빠릅니다. 추천합니다.,1,
97,23.02.02.,5,모델: 프로/프로2 / 옵션: 프로03-조이패드 화이트,너무 마음에 들고 보내주신 사은품도 정말 감사하비다 :),1,
98,23.02.01.,5,모델: 프로/프로2 / 옵션: 프로09-카메라민트,착한 가격 빠른 배송,1,
99,23.02.01.,5,모델: 프로/프로2 / 옵션: 프로01-마샬,보시는바와 너무 귀엽습니다 ㅎㅎ,1,
100,23.01.31.,5,모델: 프로/프로2 / 옵션: 프로12-투명젤리케이스 + 키링,깔끔하고 상태좋아요 만족,1,
101,23.01.31.,5,모델: 프로/프로2 / 옵션: 프로02-닌텐도,사은품으로 2+1도 너무 좋아요,1,
102,23.01.31.,5,모델: 프로/프로2 / 옵션: 프로01-마샬,퀄리티나 마감 다 가격대비 만족해요 ㅎㅎ,1,
103,23.01.31.,5,모델: 프로/프로2 / 옵션: 프로01-마샬,이쁘네요 잘쓰고깄어여,1,
104,23.01.30.,5,모델: 프로/프로2 / 옵션: 프로01-마샬,사이즈 딱 맞아서 안 헐렁거리고 귀여워요!,1,
105,23.01.30.,5,모델: 프로/프로2 / 옵션: 프로01-마샬,"케이스 너무 귀여워요! 에어팟에도 딱 맞게 핏되고, 마음에 듭니다. 동생꺼랑 같이 샀는데 동생도 마음에 들어하네요 ㅎㅎ 4개 샀더니 두개 더 와서 반반 갈랐어요 ㅋㅋ 많이 파세요!",1,
106,23.01.30.,5,모델: 프로/프로2 / 옵션: 프로01-마샬,깜직하고 좋습니다. 다만 마감이 좀 아쉽습니다.,0,
107,23.01.30.,5,모델: 프로/프로2 / 옵션: 프로01-마샬,귀엽고 사용하기도 좋아요,1,
108,23.01.28.,5,모델: 프로/프로2+청소솔 / 옵션: 프로01-마샬+청소솔,너무귀여워요.친구들이 탐내세요,1,
109,23.01.28.,5,모델: 프로/프로2 / 옵션: 프로02-닌텐도,"좋아요 이쁘네요
 잘쓰도록할게요",1,
110,23.01.27.,5,모델: 프로/프로2 / 옵션: 프로02-닌텐도,너무 귀여워요 나중에 또 구매할께요,1,
111,23.01.26.,5,모델: 에어팟 1/2세대 / 옵션: 01-닌텐도,"만족합니다~
잘쓰겠습니다!",1,
112,23.01.26.,5,모델: 프로/프로2 / 옵션: 프로38-그린(프로1),이쁘고 깔끔해요 좋아요,1,
113,23.01.26.,5,모델: 프로/프로2 / 옵션: 프로01-마샬,분명 두개 샀는데 세 개가 왔어요 상처 없고 깨끗하고 너무 예뻐요🧡,1,
114,23.01.25.,5,모델: 프로/프로2 / 옵션: 프로04-조이패드 블랙,귀여워요 귀여워요 ㅎㅎ,1,
115,23.01.25.,5,모델: 프로/프로2 / 옵션: 프로01-마샬,귀여워요 귀여워요 ㅎㅎ,1,
116,23.01.23.,5,모델: 프로/프로2 / 옵션: 프로36-퍼플(프로1),얼룩 때문에 더이상 사용하지 않습니다,0,
117,23.01.20.,5,모델: 프로/프로2 / 옵션: 프로10-카메라블루,좋아요 좋아요 좋아요,1,
118,23.01.20.,5,모델: 에어팟 1/2세대 / 옵션: 04-인스타,좋아요 좋아요 좋아요 좋아요,1,
119,23.01.19.,5,모델: 프로/프로2 / 옵션: 프로01-마샬,귀염뽀짝해서 만족합니다 ㅎㅎ 퀄리티 좋아요,1,
120,23.01.08.,5,모델: 에어팟 1/2세대+보호캡 / 옵션: 22-콜라캔+보호캡,최고예요이쁘고깜찍한,1,
121,23.01.08.,5,모델: 프로/프로2 / 옵션: 프로01-마샬,이뻐요 잘쓸게요 히히,1,
122,23.01.08.,5,모델: 프로/프로2 / 옵션: 프로48-네이비(프로2),필요했는데  배송이 빨라서 좋았습니다,1,
123,23.01.06.,5,모델: 프로/프로2 / 옵션: 프로03-조이패드 화이트,넘 이뻐요!!  서비스로 주신 케이스도 맘에 듭니다,1,
124,23.01.06.,5,모델: 프로/프로2 / 옵션: 프로47-밀크티(프로2),"배송도 빠르고 2개도 저렴한데 4개가 와서 넘 좋나요 
다만 조이콘 윗뚜껑이 조금 안맞아용 그치만 이쁩니다!!  다른 케이스도 만족!!",0,
125,23.01.06.,5,모델: 프로/프로2 / 옵션: 프로01-마샬,기본케이스들 품질이 더 좋네요,1,#
126,23.01.06.,5,모델: 프로/프로2 / 옵션: 프로49-블랙(프로2),마샬이랑 검은색 주문했고 사은품포함 케이스 네개+키링 빠르게 잘받았어요 마샬뚜껑이 잘안닫혀서 괜히샀나싶고 다른케이스들은 만족,0,
127,23.01.06.,5,모델: 프로/프로2 / 옵션: 프로26-캔디화이트,"맘에 들어요
사은품도 대박이네요
무조건 여기서 구매하세용",1,
128,23.01.06.,5,모델: 프로/프로2 / 옵션: 프로01-마샬,"귀엽네요 
사은품도 이것저것 챙겨주셔서
완전 득템이에요",1,
129,23.01.05.,5,모델: 프로/프로2 / 옵션: 프로22-카메라블루,"사이즈가 일단 잘 맞아서 좋고, 색감도 사진보다 깔끔하게 잘 나온것같아요",1,
130,23.01.04.,5,모델: 프로/프로2 / 옵션: 프로28-밀키핑크,생각보다 귀염뽀짝해오 ㅎㅎ,1,
131,23.01.04.,5,모델: 프로/프로2 / 옵션: 프로01-마샬,잘쓰겠습니다 사이즈도 잘맞고 좋네요 배송도 빠르고 같이준 케이스도 맘에 들어요,1,
132,23.01.04.,5,모델: 프로/프로2 / 옵션: 프로10-카메라블루,잘쓰겠습니다 사이즈도 잘맞고 좋네요! 잘쓰겠습니다 배송도 빠르네요,1,
133,23.01.04.,5,모델: 프로/프로2 / 옵션: 프로22-카메라블루,"사진이랑 실물 같아요 
사은품도 여러가지 주시고 잘 쓸게요",1,
134,23.01.04.,5,모델: 프로/프로2 / 옵션: 프로01-마샬,"사진이랑 똑같아요 
2개 구매했는데 케이스 2개 사은품으로 주시고 뭐 여러가지 주셨네요 잘 쓸게요",1,
135,23.01.04.,5,모델: 프로/프로2 / 옵션: 프로21-카메라민트,가성비좋게잘쓰고있어요 근데 쇠고리부분은 좀 엉성해서 다른제품꺼씀,0,
136,23.01.04.,5,모델: 프로/프로2 / 옵션: 프로01-마샬,이뻐요 가성비 굿굿,1,
137,23.01.04.,5,모델: 에어팟 1/2세대+카라비너 / 옵션: 56-날아라시바+키링,"좋아요. 잘 안빠지고,먼지도 안붙고,",1,
138,23.01.03.,5,모델: 프로/프로2 / 옵션: 프로48-네이비(프로2),"케이스 두개 시키면 랜덤으로 서비스 주는건 알고 있었지만 케이스가 총 4개나 올줄은 몰랐네요
감사합니다 ㅎㅎ질릴때마다 바꿔서 쓰면 좋을거 같아요
청소솔도 너무 마음에 드네요!",1,
139,23.01.03.,5,모델: 프로/프로2 / 옵션: 프로01-마샬,귀엽고 깜찍해요!!,1,
140,22.12.14.,5,모델: 에어팟 1/2세대+카라비너 / 옵션: 70-네이비,넘 좋아요 귀엽고 꼬리가 매력이네요,1,
141,22.12.13.,5,모델: 에어팟 1/2세대 / 옵션: 18-레드콜라＋키링,"완전빠른 배송이 좋았습니다
다음에도 이용할 생각이 있습니다",1,
142,22.12.13.,5,모델: 프로/프로2 / 옵션: 프로14-투슬리스 화이트,잘못온게 있었는데 바로 처리해주심 이런업체는 흥해야함,0,
143,22.12.12.,5,모델: 프로/프로2 / 옵션: 프로21-카메라민트,너무좋아요~~~~~~~~~~~~~~,1,
144,22.12.12.,5,모델: 프로/프로2 / 옵션: 프로01-마샬,좋아요~~ 서비스로 온제품이 더 좋네요~~ㅎㅎ,1,
145,22.12.11.,5,모델: 프로/프로2 / 옵션: 프로21-카메라민트,깔끔하고 가성비 좋음,1,
146,22.12.11.,5,모델: 프로/프로2 / 옵션: 프로19-마리오,너무 귀여워요 잘 쓸게요,1,
147,22.12.10.,5,모델: 프로/프로2 / 옵션: 프로21-카메라민트,적당히 이쁘고 귀엽습니다 ! 막 튀지도 않아용,1,
148,22.12.09.,5,모델: 프로/프로2 / 옵션: 프로06-조이패드 화이트,예쁘게 생겼고 요청사항에 원하는 거 말하니깐 주셨어요 감사합니다 많이 파세요,1,
149,22.12.09.,5,모델: 프로/프로2 / 옵션: 프로02-닌텐도,너무 귀엽게 생겼어요,1,
150,22.12.08.,5,모델: 프로/프로2 / 옵션: 프로24-햄,"잘삿다고 자부합니다. 
정말 귀엽고 좋내여. 
감사합니다. 아참 보내주신 선물은 잘 쓰겟습니다",1,
151,22.12.08.,5,모델: 에어팟 1/2세대 / 옵션: 14-밀키 블루,"정말 귀엽고 퀄리티가 잇내여. 
아내가 참 좋아합니다. 보내주신 선물도 잘 받앗습니다. 감사합니다.",1,
152,22.12.07.,5,모델: 프로/프로2 / 옵션: 프로25-투명젤리케이스 + 키링,좋아 보여용!!💗💗,1,
153,22.12.07.,5,모델: 프로/프로2 / 옵션: 프로16-생쥐,너무 귀엽고 예뻐요!! 💗,1,
154,22.12.06.,5,모델: 프로/프로2+보호캡 / 옵션: 프로01-마샬+보호캡,아주 견고하고 이뻐요 ㅎ,1,
155,22.12.06.,5,모델: 프로/프로2 / 옵션: 프로22-카메라블루,아주좋아!아주좋아!아주젛아!,1,
156,22.12.06.,5,모델: 프로/프로2 / 옵션: 프로15-냥이박스,이쁘고 배송 빠름니다,1,
157,22.12.05.,5,모델: 에어팟 1/2세대+카라비너 / 옵션: 18-힙합비둘기,제품좋아요 많이파세요,1,
158,22.12.05.,5,모델: 프로/프로2 / 옵션: 프로01-마샬,가격대비 넘이뻐요 ^^,1,
159,22.12.05.,5,모델: 프로/프로2 / 옵션: 프로21-카메라민트,가격 생각하면 디게 이쁘네요 ㅎㅎ 잘쓰겠습니다.,1,
160,22.11.08.,5,모델: 에어팟 1/2세대+카라비너 / 옵션: 35-비숑인형,선물 줬는데 좋아하네요,1,
161,22.11.08.,5,모델: 에어팟 1/2세대+카라비너 / 옵션: 53-잠만보,선물 줬는데 좋아하네요,1,
162,22.11.06.,5,모델: 에어팟 1/2세대+카라비너 / 옵션: 49-데이지꽃,끼우기도 쉽고 착용감도 좋네요. 딸 아이가 좋아합니다,1,
163,22.11.03.,5,모델: 에어팟 1/2세대+카라비너 / 옵션: 01-투슬리스 블랙 캐릭터,재질도 부드러운 실리콘이고 귀엽고 좋아요,1,
164,22.11.03.,5,모델: 에어팟 1/2세대+카라비너 / 옵션: 03-시바몸통,잘쓸게요 감사합니다!,1,
165,22.11.03.,5,모델: 에어팟 1/2세대+카라비너 / 옵션: 36-푸들인형,구매한 케이스도 예쁘고 덤으로 보내주신 케이스도 비슷한걸로 주셔서 감사합니다 잘쓸게요!!,1,
166,22.10.31.,5,모델: 에어팟 1/2세대+카라비너 / 옵션: 25-미니언즈,"진짜 너무 귀여워요
사이즈도 딱 맞고
배송도 빠르고 만족합니다",1,
167,22.10.30.,5,모델: 에어팟 1/2세대+카라비너 / 옵션: 60-투명젤리케이스+키링,배송도빠르고 좋아요,1,
168,22.10.30.,5,모델: 에어팟 1/2세대+카라비너 / 옵션: 01-투슬리스 블랙 캐릭터,예뻐요^^잘 쓰고 있습니다,1,
169,22.10.29.,5,모델: 에어팟 1/2세대+카라비너 / 옵션: 16-하얀냥이,배송도. 빠르고. 너무 좋아요,1,
170,22.10.28.,5,모델: 에어팟 1/2세대+카라비너 / 옵션: 03-시바몸통,좋아요 잘쓸게요 많이파세요,1,
171,22.10.28.,5,모델: 에어팟 1/2세대+카라비너 / 옵션: 01-투슬리스 블랙 캐릭터,좋아요 귀엽네요 잘쓸게요,1,
172,22.10.27.,5,모델: 에어팟 1/2세대+카라비너 / 옵션: 01-투슬리스 블랙 캐릭터,아이가좋아합니다 귀여워요~,1,
173,22.10.26.,5,모델: 에어팟 1/2세대+카라비너 / 옵션: 01-투슬리스 블랙 캐릭터,"딸램이 골랐어요.
귀여워욤",1,
174,22.10.23.,5,모델: 에어팟 1/2세대+카라비너 / 옵션: 45-마틸다,좋아요 사은품도 마음에 드네요~,1,
175,22.10.23.,5,모델: 에어팟 1/2세대+카라비너 / 옵션: 44-레옹,가격대비 좋아요~ 구성도 알차고,1,
176,22.10.19.,5,모델: 에어팟 1/2세대+카라비너 / 옵션: 44-레옹,케이스 마음에 들고 사은품으로 온 케이스도 좋습니다. 마감은 완벽하진 않지만 쓰다보면 신경 안쓰일 정도네요. 일체형이 아니라 뒷부분이 비어 있어 먼지가 좀 붙을 것 같아 좀 아쉽네요.,0,
177,22.10.19.,5,모델: 에어팟 1/2세대+카라비너 / 옵션: 16-하얀냥이,사은품까지 풀커버가되서 완전 맘에들어요,1,
178,22.10.19.,5,모델: 에어팟 1/2세대+카라비너 / 옵션: 31-볼터치 공룡이 그린,"이쁜케린터 너무 맘에들어요~
사은품까지 완벽해요~",1,
179,22.10.18.,5,모델: 에어팟 1/2세대+카라비너 / 옵션: 45-마틸다,완전 만족해요. 너무 이뻐요. 좀 크긴 하지만 다들 귀엽다고 하네요. 저렴하게 잘 산거 같애요 ㅎ 강추합니다. 제 취향잉ㅔ요. 서비스로 귀여운 캐릭터도 주셨네요 ㅎ,1,
180,22.08.18.,5,모델: 에어팟 1/2세대+카라비너 / 옵션: 03-시바몸통,투슬리스로 낄까하다 시바캐릭이 심플한거같아서 이걸로 장착해봤네요 중간사진은 사은품이네요,1,
181,22.08.18.,5,모델: 에어팟 1/2세대+카라비너 / 옵션: 02-투슬리스 화이트 캐릭터,캐릭터도 귀여운거 같고 괜찮네요,1,
182,22.08.18.,5,모델: 에어팟 1/2세대+카라비너 / 옵션: 04-아따공룡,가격도 좋고 너무 예쁘네요. 또 사고 싶네요,1,
183,22.08.16.,5,모델: 에어팟 1/2세대 공용 / 옵션: 04-아따공룡,편하고 너무 예뻐요,1,
184,22.08.16.,5,모델: 에어팟 1/2세대 공용 / 옵션: 81-퍼플,편하고 너무 예뻐요,1,
185,22.08.13.,5,모델: 에어팟 1/2세대+카라비너 / 옵션: 29-쿼카 브라운,배송도빠르고 너무귀여워요,1,
186,22.08.12.,5,모델: 에어팟 1/2세대+카라비너 / 옵션: 69-투명젤리케이스+키링,이쁘고 깔끔합니다.,1,
187,22.08.12.,5,모델: 에어팟 1/2세대+카라비너 / 옵션: 14-베어베어+키링,깔끔하고 이뻐요. 사이즈는 좀 크네요.,0,
188,22.08.12.,5,모델: 에어팟 1/2세대+카라비너 / 옵션: 53-잠만보,"물건은 좋은데 잠만보가 검은색이라서 짝퉁 잠만보냐구 딸이 뭐라구 하네요
선물하려다가 싫다고 해서 제가 쓰네요ㅠ.ㅠ",0,
189,22.08.12.,5,모델: 에어팟 1/2세대+카라비너 / 옵션: 49-데이지꽃,어머 너무나 귀엽지 아니한가요??,1,
190,22.08.12.,5,모델: 에어팟 1/2세대+카라비너 / 옵션: 66-투명오리+키링,너무 예뻐요 하나 더 사고싶네요 ㅎ,1,
191,22.08.11.,5,모델: 에어팟 1/2세대+카라비너 / 옵션: 38-카메라민트,생각보다 괜찮아요 랜덤 케이스도 마음에 들어요,1,
192,22.08.11.,5,모델: 에어팟 1/2세대+카라비너 / 옵션: 44-레옹,가격 대비 생각보다 쓸만하내요 랜덤으로 보내준 케이스도 이쁘고 좋아요,1,
193,22.08.11.,5,모델: 에어팟 1/2세대 공용 / 옵션: 27-세일러문 마법봉,가격대비 괜찮아요~,1,
194,22.08.10.,5,모델: 에어팟 1/2세대 공용 / 옵션: 22-상어,깔끔하고 너무 좋아요!!!,1,
195,22.08.09.,5,모델: 에어팟 1/2세대+카라비너 / 옵션: 03-시바몸통,"좋아요~~~~
좋아요~~~~",1,
196,22.08.08.,5,모델: 에어팟 1/2세대+카라비너 / 옵션: 29-쿼카 브라운,배송 품질 다 만족합니다.,1,
197,22.08.08.,5,모델: 에어팟 1/2세대+카라비너 / 옵션: 46-크래커 브라운,너무 이쁘고 맘에 듭니다.,1,
198,22.08.08.,5,모델: 에어팟 1/2세대+카라비너 / 옵션: 29-쿼카 브라운,짱귀여워용ㅋㅋㅋ!!,1,
199,22.08.07.,5,모델: 에어팟 1/2세대 공용 / 옵션: 03-시바몸통,추가로 랜덤케이스도 보내주시고 때도 잘 안타서 만족하면서 잘 쓰고 있습니다!!,1,
